-- =============================================================================
-- JustFit — Cycling Workouts Seed (Executable Snapshot)
-- File: migrations/baseline/1030_seed_cycling.sql
-- Generated: 2026-05-03T12:48:51.853Z
-- Supplemented: 2026-05-03 (0051 protocol bridge appended)
--
-- Bootstrap order: run AFTER 1010_schema_training.sql
--
-- Canonical current state of:
--   cycling_workouts      : 29 rows (migrations 0035 + 0037)
--   workout_protocols     : 29 cycling rows (migration 0051)
--   workout_protocol_steps: 101 cycling rows (migration 0051)
--
-- Uses INSERT OR IGNORE — idempotent on a fresh or existing DB.
-- =============================================================================

-- ---------------------------------------------------------------------------
-- cycling_workouts (29 rows)
-- ---------------------------------------------------------------------------

INSERT OR IGNORE INTO cycling_workouts (id, slug, name, sub_goal, workout_type, tss_estimate, duration_min, intervals_json, is_active) VALUES
  ('cw01', 'cw-z2-45', 'Zone 2 · 45 min', 'build_fitness', 'endurance', 32, 45, '[{"label":"Zone 2","duration_sec":2700,"power_pct_low":55,"power_pct_high":75,"sets":1}]', 1);
INSERT OR IGNORE INTO cycling_workouts (id, slug, name, sub_goal, workout_type, tss_estimate, duration_min, intervals_json, is_active) VALUES
  ('cw02', 'cw-ss-2x12', 'Sweet Spot · 2×12 min', 'build_fitness', 'sweet_spot', 45, 47, '[{"label":"Warm-up","duration_sec":600,"power_pct_low":50,"power_pct_high":65,"sets":1},{"label":"Sweet spot","duration_sec":720,"power_pct_low":88,"power_pct_high":93,"sets":2},{"label":"Recovery","duration_sec":300,"power_pct_low":45,"power_pct_high":55,"sets":2},{"label":"Cool-down","duration_sec":300,"power_pct_low":45,"power_pct_high":55,"sets":1}]', 1);
INSERT OR IGNORE INTO cycling_workouts (id, slug, name, sub_goal, workout_type, tss_estimate, duration_min, intervals_json, is_active) VALUES
  ('cw03', 'cw-tempo-30', 'Tempo · 30 min', 'build_fitness', 'threshold', 42, 45, '[{"label":"Warm-up","duration_sec":480,"power_pct_low":55,"power_pct_high":65,"sets":1},{"label":"Tempo","duration_sec":1800,"power_pct_low":76,"power_pct_high":90,"sets":1},{"label":"Cool-down","duration_sec":420,"power_pct_low":45,"power_pct_high":55,"sets":1}]', 1);
INSERT OR IGNORE INTO cycling_workouts (id, slug, name, sub_goal, workout_type, tss_estimate, duration_min, intervals_json, is_active) VALUES
  ('cw04', 'cw-cadence-pyramid', 'Cadence Pyramid · 35 min', 'build_fitness', 'endurance', 25, 35, '[{"label":"Warm-up","duration_sec":300,"power_pct_low":55,"power_pct_high":65,"sets":1},{"label":"Cadence block","duration_sec":300,"power_pct_low":60,"power_pct_high":75,"sets":5},{"label":"Recovery","duration_sec":120,"power_pct_low":50,"power_pct_high":60,"sets":5},{"label":"Cool-down","duration_sec":300,"power_pct_low":45,"power_pct_high":55,"sets":1}]', 1);
INSERT OR IGNORE INTO cycling_workouts (id, slug, name, sub_goal, workout_type, tss_estimate, duration_min, intervals_json, is_active) VALUES
  ('cw05', 'cw-threshold-2x10', 'Threshold · 2×10 min', 'climbing', 'threshold', 47, 50, '[{"label":"Warm-up","duration_sec":600,"power_pct_low":55,"power_pct_high":65,"sets":1},{"label":"Threshold","duration_sec":600,"power_pct_low":95,"power_pct_high":100,"sets":2},{"label":"Recovery","duration_sec":300,"power_pct_low":45,"power_pct_high":55,"sets":2},{"label":"Cool-down","duration_sec":600,"power_pct_low":45,"power_pct_high":55,"sets":1}]', 1);
INSERT OR IGNORE INTO cycling_workouts (id, slug, name, sub_goal, workout_type, tss_estimate, duration_min, intervals_json, is_active) VALUES
  ('cw06', 'cw-vo2max-4x4', 'VO2max · 4×4 min', 'climbing', 'vo2max', 50, 52, '[{"label":"Warm-up","duration_sec":600,"power_pct_low":55,"power_pct_high":65,"sets":1},{"label":"VO2max","duration_sec":240,"power_pct_low":106,"power_pct_high":120,"sets":4,"min_sets":2,"max_sets":6},{"label":"Recovery","duration_sec":240,"power_pct_low":45,"power_pct_high":55,"sets":4,"min_sets":2,"max_sets":6},{"label":"Cool-down","duration_sec":480,"power_pct_low":45,"power_pct_high":55,"sets":1}]', 1);
INSERT OR IGNORE INTO cycling_workouts (id, slug, name, sub_goal, workout_type, tss_estimate, duration_min, intervals_json, is_active) VALUES
  ('cw07', 'cw-over-unders-3x9', 'Over-Unders · 3×9 min', 'climbing', 'threshold', 60, 55, '[{"label":"Warm-up","duration_sec":600,"power_pct_low":55,"power_pct_high":65,"sets":1},{"label":"Over-under set","duration_sec":540,"power_pct_low":88,"power_pct_high":108,"sets":3},{"label":"Recovery","duration_sec":360,"power_pct_low":45,"power_pct_high":55,"sets":3},{"label":"Cool-down","duration_sec":420,"power_pct_low":45,"power_pct_high":55,"sets":1}]', 1);
INSERT OR IGNORE INTO cycling_workouts (id, slug, name, sub_goal, workout_type, tss_estimate, duration_min, intervals_json, is_active) VALUES
  ('cw08', 'cw-threshold-30', 'Long Threshold · 30 min', 'climbing', 'threshold', 58, 50, '[{"label":"Warm-up","duration_sec":600,"power_pct_low":55,"power_pct_high":65,"sets":1},{"label":"Threshold","duration_sec":1800,"power_pct_low":95,"power_pct_high":100,"sets":1},{"label":"Cool-down","duration_sec":600,"power_pct_low":45,"power_pct_high":55,"sets":1}]', 1);
INSERT OR IGNORE INTO cycling_workouts (id, slug, name, sub_goal, workout_type, tss_estimate, duration_min, intervals_json, is_active) VALUES
  ('cw09', 'cw-sprint-vo2-sprint', 'Sprint–VO2–Sprint · 3 rounds', 'sprint', 'anaerobic', 42, 40, '[{"label":"Warm-up","duration_sec":600,"power_pct_low":55,"power_pct_high":65,"sets":1},{"label":"Sprint","duration_sec":30,"power_pct_low":150,"power_pct_high":200,"sets":3},{"label":"VO2 effort","duration_sec":180,"power_pct_low":108,"power_pct_high":120,"sets":3},{"label":"Recovery","duration_sec":300,"power_pct_low":45,"power_pct_high":55,"sets":3},{"label":"Cool-down","duration_sec":300,"power_pct_low":45,"power_pct_high":55,"sets":1}]', 1);
INSERT OR IGNORE INTO cycling_workouts (id, slug, name, sub_goal, workout_type, tss_estimate, duration_min, intervals_json, is_active) VALUES
  ('cw10', 'cw-anaerobic-6x30s', 'Anaerobic · 6×30 s', 'sprint', 'anaerobic', 29, 35, '[{"label":"Warm-up","duration_sec":600,"power_pct_low":55,"power_pct_high":65,"sets":1},{"label":"Anaerobic","duration_sec":30,"power_pct_low":130,"power_pct_high":160,"sets":6,"min_sets":3,"max_sets":8},{"label":"Recovery","duration_sec":240,"power_pct_low":45,"power_pct_high":55,"sets":6,"min_sets":3,"max_sets":8},{"label":"Cool-down","duration_sec":300,"power_pct_low":45,"power_pct_high":55,"sets":1}]', 1);
INSERT OR IGNORE INTO cycling_workouts (id, slug, name, sub_goal, workout_type, tss_estimate, duration_min, intervals_json, is_active) VALUES
  ('cw11', 'cw-cadence-builds', 'Cadence Builds · 5×4 min', 'sprint', 'endurance', 25, 35, '[{"label":"Warm-up","duration_sec":300,"power_pct_low":55,"power_pct_high":65,"sets":1},{"label":"Cadence build","duration_sec":240,"power_pct_low":60,"power_pct_high":75,"sets":5},{"label":"Recovery","duration_sec":120,"power_pct_low":45,"power_pct_high":55,"sets":5},{"label":"Cool-down","duration_sec":300,"power_pct_low":45,"power_pct_high":55,"sets":1}]', 1);
INSERT OR IGNORE INTO cycling_workouts (id, slug, name, sub_goal, workout_type, tss_estimate, duration_min, intervals_json, is_active) VALUES
  ('cw12', 'cw-neuromuscular-10x10s', 'Neuromuscular · 10×10 s', 'sprint', 'anaerobic', 25, 30, '[{"label":"Warm-up","duration_sec":600,"power_pct_low":55,"power_pct_high":65,"sets":1},{"label":"Sprint","duration_sec":10,"power_pct_low":150,"power_pct_high":200,"sets":10},{"label":"Recovery","duration_sec":120,"power_pct_low":45,"power_pct_high":55,"sets":10},{"label":"Cool-down","duration_sec":300,"power_pct_low":45,"power_pct_high":55,"sets":1}]', 1);
INSERT OR IGNORE INTO cycling_workouts (id, slug, name, sub_goal, workout_type, tss_estimate, duration_min, intervals_json, is_active) VALUES
  ('cw13', 'cw-z2-45-base', 'Zone 2 · 45 min', 'aerobic_base', 'endurance', 32, 45, '[{"label":"Zone 2","duration_sec":2700,"power_pct_low":55,"power_pct_high":75,"sets":1}]', 1);
INSERT OR IGNORE INTO cycling_workouts (id, slug, name, sub_goal, workout_type, tss_estimate, duration_min, intervals_json, is_active) VALUES
  ('cw14', 'cw-z2-60', 'Zone 2 · 60 min', 'aerobic_base', 'endurance', 42, 60, '[{"label":"Zone 2","duration_sec":3600,"power_pct_low":55,"power_pct_high":75,"sets":1}]', 1);
INSERT OR IGNORE INTO cycling_workouts (id, slug, name, sub_goal, workout_type, tss_estimate, duration_min, intervals_json, is_active) VALUES
  ('cw15', 'cw-z2-90', 'Zone 2 · 90 min', 'aerobic_base', 'endurance', 63, 90, '[{"label":"Zone 2","duration_sec":5400,"power_pct_low":55,"power_pct_high":75,"sets":1}]', 1);
INSERT OR IGNORE INTO cycling_workouts (id, slug, name, sub_goal, workout_type, tss_estimate, duration_min, intervals_json, is_active) VALUES
  ('cw16', 'cw-recovery-spin', 'Recovery Spin · 30 min', 'aerobic_base', 'endurance', 15, 30, '[{"label":"Recovery","duration_sec":1800,"power_pct_low":45,"power_pct_high":60,"sets":1}]', 1);
INSERT OR IGNORE INTO cycling_workouts (id, slug, name, sub_goal, workout_type, tss_estimate, duration_min, intervals_json, is_active) VALUES
  ('cw17', 'cw-z2-60-race', 'Zone 2 · 60 min', 'race_fitness', 'endurance', 42, 60, '[{"label":"Zone 2","duration_sec":3600,"power_pct_low":55,"power_pct_high":75,"sets":1}]', 1);
INSERT OR IGNORE INTO cycling_workouts (id, slug, name, sub_goal, workout_type, tss_estimate, duration_min, intervals_json, is_active) VALUES
  ('cw18', 'cw-vo2max-5x5', 'VO2max · 5×5 min', 'race_fitness', 'vo2max', 74, 65, '[{"label":"Warm-up","duration_sec":600,"power_pct_low":55,"power_pct_high":65,"sets":1},{"label":"VO2max","duration_sec":300,"power_pct_low":106,"power_pct_high":120,"sets":5,"min_sets":3,"max_sets":7},{"label":"Recovery","duration_sec":300,"power_pct_low":45,"power_pct_high":55,"sets":5,"min_sets":3,"max_sets":7},{"label":"Cool-down","duration_sec":600,"power_pct_low":45,"power_pct_high":55,"sets":1}]', 1);
INSERT OR IGNORE INTO cycling_workouts (id, slug, name, sub_goal, workout_type, tss_estimate, duration_min, intervals_json, is_active) VALUES
  ('cw19', 'cw-z2-sprints', 'Zone 2 + Sprints · 60 min', 'race_fitness', 'endurance', 46, 62, '[{"label":"Zone 2","duration_sec":3240,"power_pct_low":55,"power_pct_high":75,"sets":1},{"label":"Sprint","duration_sec":10,"power_pct_low":130,"power_pct_high":160,"sets":6},{"label":"Recovery","duration_sec":60,"power_pct_low":50,"power_pct_high":60,"sets":6}]', 1);
INSERT OR IGNORE INTO cycling_workouts (id, slug, name, sub_goal, workout_type, tss_estimate, duration_min, intervals_json, is_active) VALUES
  ('cw20', 'cw-race-sim', 'Race Simulation · 60 min', 'race_fitness', 'threshold', 62, 60, '[{"label":"Warm-up","duration_sec":600,"power_pct_low":55,"power_pct_high":65,"sets":1},{"label":"Race effort","duration_sec":2700,"power_pct_low":80,"power_pct_high":90,"sets":1},{"label":"Cool-down","duration_sec":300,"power_pct_low":45,"power_pct_high":55,"sets":1}]', 1);
INSERT OR IGNORE INTO cycling_workouts (id, slug, name, sub_goal, workout_type, tss_estimate, duration_min, intervals_json, is_active) VALUES
  ('cw21', 'cw-test-ramp', 'Ramp Test', 'any', 'test', 45, 25, '[{"label":"Warm-up","duration_sec":600,"power_pct_low":50,"power_pct_high":65,"sets":1},{"label":"Ramp step","duration_sec":60,"power_pct_low":50,"power_pct_high":130,"sets":16},{"label":"Cool-down","duration_sec":300,"power_pct_low":45,"power_pct_high":55,"sets":1}]', 1);
INSERT OR IGNORE INTO cycling_workouts (id, slug, name, sub_goal, workout_type, tss_estimate, duration_min, intervals_json, is_active) VALUES
  ('cw22', 'cw-test-12min', '12-min FTP Test', 'any', 'test', 38, 32, '[{"label":"Warm-up","duration_sec":600,"power_pct_low":55,"power_pct_high":70,"sets":1},{"label":"Pacing effort","duration_sec":300,"power_pct_low":100,"power_pct_high":110,"sets":1},{"label":"12-min all-out","duration_sec":720,"power_pct_low":95,"power_pct_high":110,"sets":1},{"label":"Cool-down","duration_sec":300,"power_pct_low":45,"power_pct_high":55,"sets":1}]', 1);
INSERT OR IGNORE INTO cycling_workouts (id, slug, name, sub_goal, workout_type, tss_estimate, duration_min, intervals_json, is_active) VALUES
  ('cw23', 'cw-test-20min', '20-min FTP Test', 'any', 'test', 52, 40, '[{"label":"Warm-up","duration_sec":600,"power_pct_low":55,"power_pct_high":70,"sets":1},{"label":"Pacing effort","duration_sec":300,"power_pct_low":100,"power_pct_high":110,"sets":1},{"label":"20-min all-out","duration_sec":1200,"power_pct_low":95,"power_pct_high":105,"sets":1},{"label":"Cool-down","duration_sec":300,"power_pct_low":45,"power_pct_high":55,"sets":1}]', 1);
INSERT OR IGNORE INTO cycling_workouts (id, slug, name, sub_goal, workout_type, tss_estimate, duration_min, intervals_json, is_active) VALUES
  ('cw24', 'cw-vo2max-pyramid', 'VO2max Pyramid · 30 min', 'climbing', 'vo2max', 26, 30, '[{"label":"Warm-up","duration_sec":600,"power_pct_low":55,"power_pct_high":75,"sets":1},{"label":"Zone 3 ramp","duration_sec":120,"power_pct_low":83,"power_pct_high":89,"sets":1},{"label":"Zone 4 ramp","duration_sec":120,"power_pct_low":93,"power_pct_high":99,"sets":1},{"label":"VO2max peak","duration_sec":120,"power_pct_low":103,"power_pct_high":109,"sets":1},{"label":"Zone 4 descent","duration_sec":120,"power_pct_low":93,"power_pct_high":99,"sets":1},{"label":"Zone 3 descent","duration_sec":120,"power_pct_low":83,"power_pct_high":89,"sets":1},{"label":"Cool-down","duration_sec":600,"power_pct_low":45,"power_pct_high":55,"sets":1}]', 1);
INSERT OR IGNORE INTO cycling_workouts (id, slug, name, sub_goal, workout_type, tss_estimate, duration_min, intervals_json, is_active) VALUES
  ('cw25', 'cw-sprint-vo2-sprint-30', 'Sprint–VO2–Sprint · 30 min', 'sprint', 'anaerobic', 26, 30, '[{"label":"Warm-up","duration_sec":600,"power_pct_low":55,"power_pct_high":65,"sets":1},{"label":"Sprint","duration_sec":10,"power_pct_low":160,"power_pct_high":200,"sets":4},{"label":"VO2 bridge","duration_sec":100,"power_pct_low":120,"power_pct_high":140,"sets":2},{"label":"Block recovery","duration_sec":360,"power_pct_low":45,"power_pct_high":55,"sets":1},{"label":"Cool-down","duration_sec":600,"power_pct_low":45,"power_pct_high":55,"sets":1}]', 1);
INSERT OR IGNORE INTO cycling_workouts (id, slug, name, sub_goal, workout_type, tss_estimate, duration_min, intervals_json, is_active) VALUES
  ('cw26', 'cw-sprint-pyramid', 'Sprint Pyramid · 46 min', 'sprint', 'anaerobic', 31, 46, '[{"label":"Warm-up","duration_sec":900,"power_pct_low":55,"power_pct_high":65,"sets":1},{"label":"Sprint","duration_sec":11,"power_pct_low":160,"power_pct_high":200,"sets":10},{"label":"Sprint recovery","duration_sec":55,"power_pct_low":45,"power_pct_high":55,"sets":10},{"label":"Pyramid recovery","duration_sec":300,"power_pct_low":45,"power_pct_high":55,"sets":1},{"label":"Cool-down","duration_sec":900,"power_pct_low":45,"power_pct_high":55,"sets":1}]', 1);
INSERT OR IGNORE INTO cycling_workouts (id, slug, name, sub_goal, workout_type, tss_estimate, duration_min, intervals_json, is_active) VALUES
  ('cw27', 'cw-40-20-climbing', '40-20 s VO2max · 30 min base', 'climbing', 'vo2max', 29, 30, '[{"label":"Warm-up","duration_sec":600,"power_pct_low":55,"power_pct_high":65,"sets":1},{"label":"VO2max interval","duration_sec":40,"power_pct_low":120,"power_pct_high":130,"sets":10,"min_sets":5,"max_sets":15},{"label":"Recovery","duration_sec":20,"power_pct_low":45,"power_pct_high":55,"sets":10,"min_sets":5,"max_sets":15},{"label":"Cool-down","duration_sec":600,"power_pct_low":45,"power_pct_high":55,"sets":1}]', 1);
INSERT OR IGNORE INTO cycling_workouts (id, slug, name, sub_goal, workout_type, tss_estimate, duration_min, intervals_json, is_active) VALUES
  ('cw28', 'cw-40-20-race', '40-20 s VO2max · 30 min base', 'race_fitness', 'vo2max', 29, 30, '[{"label":"Warm-up","duration_sec":600,"power_pct_low":55,"power_pct_high":65,"sets":1},{"label":"VO2max interval","duration_sec":40,"power_pct_low":120,"power_pct_high":130,"sets":10,"min_sets":5,"max_sets":15},{"label":"Recovery","duration_sec":20,"power_pct_low":45,"power_pct_high":55,"sets":10,"min_sets":5,"max_sets":15},{"label":"Cool-down","duration_sec":600,"power_pct_low":45,"power_pct_high":55,"sets":1}]', 1);
INSERT OR IGNORE INTO cycling_workouts (id, slug, name, sub_goal, workout_type, tss_estimate, duration_min, intervals_json, is_active) VALUES
  ('cw29', 'cw-flamme-rouge', 'Flamme Rouge · 46 min base', 'race_fitness', 'vo2max', 40, 46, '[{"label":"Warm-up","duration_sec":900,"power_pct_low":55,"power_pct_high":65,"sets":1},{"label":"Threshold","duration_sec":30,"power_pct_low":90,"power_pct_high":100,"sets":12,"min_sets":6,"max_sets":18},{"label":"VO2max surge","duration_sec":20,"power_pct_low":103,"power_pct_high":109,"sets":12,"min_sets":6,"max_sets":18},{"label":"Sprint","duration_sec":10,"power_pct_low":130,"power_pct_high":150,"sets":12,"min_sets":6,"max_sets":18},{"label":"Recovery","duration_sec":20,"power_pct_low":45,"power_pct_high":55,"sets":12,"min_sets":6,"max_sets":18},{"label":"Cool-down","duration_sec":900,"power_pct_low":45,"power_pct_high":55,"sets":1}]', 1);

-- ---------------------------------------------------------------------------
-- Section 2: workout_protocols + workout_protocol_steps (migration 0051)
-- 29 protocol rows + 101 step rows bridging cycling_workouts into the
-- unified training model. cycling_workouts remains the active runtime source.
-- Cross-reference: workout_protocols.id = 'wp-{cw_id}'
-- ---------------------------------------------------------------------------

INSERT OR IGNORE INTO workout_protocols (id,slug,name,sport,goal,protocol_type,description,tags_json,is_active,created_at_ms,updated_at_ms) VALUES ('wp-cw01','cw-z2-45','Zone 2 · 45 min','cycling','endurance','steady_state','Sub-goal: build_fitness. Type: endurance. TSS ref: 32. Duration: 45 min. Source: cycling_workouts cw01.','["cycling","sub_goal:build_fitness","workout_type:endurance","cw_ref:cw01"]',1,1746230400000,1746230400000);
INSERT OR IGNORE INTO workout_protocols (id,slug,name,sport,goal,protocol_type,description,tags_json,is_active,created_at_ms,updated_at_ms) VALUES ('wp-cw02','cw-ss-2x12','Sweet Spot · 2×12 min','cycling','endurance','interval','Sub-goal: build_fitness. Type: sweet_spot. TSS ref: 45. Duration: 47 min. Source: cycling_workouts cw02.','["cycling","sub_goal:build_fitness","workout_type:sweet_spot","cw_ref:cw02"]',1,1746230400000,1746230400000);
INSERT OR IGNORE INTO workout_protocols (id,slug,name,sport,goal,protocol_type,description,tags_json,is_active,created_at_ms,updated_at_ms) VALUES ('wp-cw03','cw-tempo-30','Tempo · 30 min','cycling','endurance','interval','Sub-goal: build_fitness. Type: threshold. TSS ref: 42. Duration: 45 min. Source: cycling_workouts cw03.','["cycling","sub_goal:build_fitness","workout_type:threshold","cw_ref:cw03"]',1,1746230400000,1746230400000);
INSERT OR IGNORE INTO workout_protocols (id,slug,name,sport,goal,protocol_type,description,tags_json,is_active,created_at_ms,updated_at_ms) VALUES ('wp-cw04','cw-cadence-pyramid','Cadence Pyramid · 35 min','cycling','endurance','interval','Sub-goal: build_fitness. Type: endurance. TSS ref: 25. Duration: 35 min. Source: cycling_workouts cw04.','["cycling","sub_goal:build_fitness","workout_type:endurance","cw_ref:cw04"]',1,1746230400000,1746230400000);
INSERT OR IGNORE INTO workout_protocols (id,slug,name,sport,goal,protocol_type,description,tags_json,is_active,created_at_ms,updated_at_ms) VALUES ('wp-cw05','cw-threshold-2x10','Threshold · 2×10 min','cycling','endurance','interval','Sub-goal: climbing. Type: threshold. TSS ref: 47. Duration: 50 min. Source: cycling_workouts cw05.','["cycling","sub_goal:climbing","workout_type:threshold","cw_ref:cw05"]',1,1746230400000,1746230400000);
INSERT OR IGNORE INTO workout_protocols (id,slug,name,sport,goal,protocol_type,description,tags_json,is_active,created_at_ms,updated_at_ms) VALUES ('wp-cw06','cw-vo2max-4x4','VO2max · 4×4 min','cycling','power','interval','Sub-goal: climbing. Type: vo2max. TSS ref: 50. Duration: 52 min. Source: cycling_workouts cw06.','["cycling","sub_goal:climbing","workout_type:vo2max","cw_ref:cw06"]',1,1746230400000,1746230400000);
INSERT OR IGNORE INTO workout_protocols (id,slug,name,sport,goal,protocol_type,description,tags_json,is_active,created_at_ms,updated_at_ms) VALUES ('wp-cw07','cw-over-unders-3x9','Over-Unders · 3×9 min','cycling','endurance','interval','Sub-goal: climbing. Type: threshold. TSS ref: 60. Duration: 55 min. Source: cycling_workouts cw07.','["cycling","sub_goal:climbing","workout_type:threshold","cw_ref:cw07"]',1,1746230400000,1746230400000);
INSERT OR IGNORE INTO workout_protocols (id,slug,name,sport,goal,protocol_type,description,tags_json,is_active,created_at_ms,updated_at_ms) VALUES ('wp-cw08','cw-threshold-30','Long Threshold · 30 min','cycling','endurance','interval','Sub-goal: climbing. Type: threshold. TSS ref: 58. Duration: 50 min. Source: cycling_workouts cw08.','["cycling","sub_goal:climbing","workout_type:threshold","cw_ref:cw08"]',1,1746230400000,1746230400000);
INSERT OR IGNORE INTO workout_protocols (id,slug,name,sport,goal,protocol_type,description,tags_json,is_active,created_at_ms,updated_at_ms) VALUES ('wp-cw09','cw-sprint-vo2-sprint','Sprint-VO2-Sprint · 3 rounds','cycling','power','interval','Sub-goal: sprint. Type: anaerobic. TSS ref: 42. Duration: 40 min. Source: cycling_workouts cw09.','["cycling","sub_goal:sprint","workout_type:anaerobic","cw_ref:cw09"]',1,1746230400000,1746230400000);
INSERT OR IGNORE INTO workout_protocols (id,slug,name,sport,goal,protocol_type,description,tags_json,is_active,created_at_ms,updated_at_ms) VALUES ('wp-cw10','cw-anaerobic-6x30s','Anaerobic · 6×30 s','cycling','power','interval','Sub-goal: sprint. Type: anaerobic. TSS ref: 29. Duration: 35 min. Source: cycling_workouts cw10.','["cycling","sub_goal:sprint","workout_type:anaerobic","cw_ref:cw10"]',1,1746230400000,1746230400000);
INSERT OR IGNORE INTO workout_protocols (id,slug,name,sport,goal,protocol_type,description,tags_json,is_active,created_at_ms,updated_at_ms) VALUES ('wp-cw11','cw-cadence-builds','Cadence Builds · 5×4 min','cycling','endurance','interval','Sub-goal: sprint. Type: endurance. TSS ref: 25. Duration: 35 min. Source: cycling_workouts cw11.','["cycling","sub_goal:sprint","workout_type:endurance","cw_ref:cw11"]',1,1746230400000,1746230400000);
INSERT OR IGNORE INTO workout_protocols (id,slug,name,sport,goal,protocol_type,description,tags_json,is_active,created_at_ms,updated_at_ms) VALUES ('wp-cw12','cw-neuromuscular-10x10s','Neuromuscular · 10×10 s','cycling','power','interval','Sub-goal: sprint. Type: anaerobic. TSS ref: 25. Duration: 30 min. Source: cycling_workouts cw12.','["cycling","sub_goal:sprint","workout_type:anaerobic","cw_ref:cw12"]',1,1746230400000,1746230400000);
INSERT OR IGNORE INTO workout_protocols (id,slug,name,sport,goal,protocol_type,description,tags_json,is_active,created_at_ms,updated_at_ms) VALUES ('wp-cw13','cw-z2-45-base','Zone 2 · 45 min','cycling','endurance','steady_state','Sub-goal: aerobic_base. Type: endurance. TSS ref: 32. Duration: 45 min. Source: cycling_workouts cw13.','["cycling","sub_goal:aerobic_base","workout_type:endurance","cw_ref:cw13"]',1,1746230400000,1746230400000);
INSERT OR IGNORE INTO workout_protocols (id,slug,name,sport,goal,protocol_type,description,tags_json,is_active,created_at_ms,updated_at_ms) VALUES ('wp-cw14','cw-z2-60','Zone 2 · 60 min','cycling','endurance','steady_state','Sub-goal: aerobic_base. Type: endurance. TSS ref: 42. Duration: 60 min. Source: cycling_workouts cw14.','["cycling","sub_goal:aerobic_base","workout_type:endurance","cw_ref:cw14"]',1,1746230400000,1746230400000);
INSERT OR IGNORE INTO workout_protocols (id,slug,name,sport,goal,protocol_type,description,tags_json,is_active,created_at_ms,updated_at_ms) VALUES ('wp-cw15','cw-z2-90','Zone 2 · 90 min','cycling','endurance','steady_state','Sub-goal: aerobic_base. Type: endurance. TSS ref: 63. Duration: 90 min. Source: cycling_workouts cw15.','["cycling","sub_goal:aerobic_base","workout_type:endurance","cw_ref:cw15"]',1,1746230400000,1746230400000);
INSERT OR IGNORE INTO workout_protocols (id,slug,name,sport,goal,protocol_type,description,tags_json,is_active,created_at_ms,updated_at_ms) VALUES ('wp-cw16','cw-recovery-spin','Recovery Spin · 30 min','cycling','recovery','steady_state','Sub-goal: aerobic_base. Type: endurance (recovery). TSS ref: 15. Duration: 30 min. Source: cycling_workouts cw16.','["cycling","sub_goal:aerobic_base","workout_type:endurance","cw_ref:cw16"]',1,1746230400000,1746230400000);
INSERT OR IGNORE INTO workout_protocols (id,slug,name,sport,goal,protocol_type,description,tags_json,is_active,created_at_ms,updated_at_ms) VALUES ('wp-cw17','cw-z2-60-race','Zone 2 · 60 min','cycling','endurance','steady_state','Sub-goal: race_fitness. Type: endurance. TSS ref: 42. Duration: 60 min. Source: cycling_workouts cw17.','["cycling","sub_goal:race_fitness","workout_type:endurance","cw_ref:cw17"]',1,1746230400000,1746230400000);
INSERT OR IGNORE INTO workout_protocols (id,slug,name,sport,goal,protocol_type,description,tags_json,is_active,created_at_ms,updated_at_ms) VALUES ('wp-cw18','cw-vo2max-5x5','VO2max · 5×5 min','cycling','power','interval','Sub-goal: race_fitness. Type: vo2max. TSS ref: 74. Duration: 65 min. Source: cycling_workouts cw18.','["cycling","sub_goal:race_fitness","workout_type:vo2max","cw_ref:cw18"]',1,1746230400000,1746230400000);
INSERT OR IGNORE INTO workout_protocols (id,slug,name,sport,goal,protocol_type,description,tags_json,is_active,created_at_ms,updated_at_ms) VALUES ('wp-cw19','cw-z2-sprints','Zone 2 + Sprints · 60 min','cycling','endurance','interval','Sub-goal: race_fitness. Type: endurance. TSS ref: 46. Duration: 62 min. Source: cycling_workouts cw19.','["cycling","sub_goal:race_fitness","workout_type:endurance","cw_ref:cw19"]',1,1746230400000,1746230400000);
INSERT OR IGNORE INTO workout_protocols (id,slug,name,sport,goal,protocol_type,description,tags_json,is_active,created_at_ms,updated_at_ms) VALUES ('wp-cw20','cw-race-sim','Race Simulation · 60 min','cycling','endurance','interval','Sub-goal: race_fitness. Type: threshold. TSS ref: 62. Duration: 60 min. Source: cycling_workouts cw20.','["cycling","sub_goal:race_fitness","workout_type:threshold","cw_ref:cw20"]',1,1746230400000,1746230400000);
INSERT OR IGNORE INTO workout_protocols (id,slug,name,sport,goal,protocol_type,description,tags_json,is_active,created_at_ms,updated_at_ms) VALUES ('wp-cw21','cw-test-ramp','Ramp Test','cycling','test','test','Sub-goal: any. Type: test (FTP ramp). TSS ref: 45. Duration: 25 min. Source: cycling_workouts cw21.','["cycling","sub_goal:any","workout_type:test","cw_ref:cw21"]',1,1746230400000,1746230400000);
INSERT OR IGNORE INTO workout_protocols (id,slug,name,sport,goal,protocol_type,description,tags_json,is_active,created_at_ms,updated_at_ms) VALUES ('wp-cw22','cw-test-12min','12-min FTP Test','cycling','test','test','Sub-goal: any. Type: test (12-min FTP). TSS ref: 38. Duration: 32 min. Source: cycling_workouts cw22.','["cycling","sub_goal:any","workout_type:test","cw_ref:cw22"]',1,1746230400000,1746230400000);
INSERT OR IGNORE INTO workout_protocols (id,slug,name,sport,goal,protocol_type,description,tags_json,is_active,created_at_ms,updated_at_ms) VALUES ('wp-cw23','cw-test-20min','20-min FTP Test','cycling','test','test','Sub-goal: any. Type: test (20-min FTP). TSS ref: 52. Duration: 40 min. Source: cycling_workouts cw23.','["cycling","sub_goal:any","workout_type:test","cw_ref:cw23"]',1,1746230400000,1746230400000);
INSERT OR IGNORE INTO workout_protocols (id,slug,name,sport,goal,protocol_type,description,tags_json,is_active,created_at_ms,updated_at_ms) VALUES ('wp-cw24','cw-vo2max-pyramid','VO2max Pyramid · 30 min','cycling','power','interval','Sub-goal: climbing. Type: vo2max. TSS ref: 26. Duration: 30 min. Source: cycling_workouts cw24.','["cycling","sub_goal:climbing","workout_type:vo2max","cw_ref:cw24"]',1,1746230400000,1746230400000);
INSERT OR IGNORE INTO workout_protocols (id,slug,name,sport,goal,protocol_type,description,tags_json,is_active,created_at_ms,updated_at_ms) VALUES ('wp-cw25','cw-sprint-vo2-sprint-30','Sprint-VO2-Sprint · 30 min','cycling','power','interval','Sub-goal: sprint. Type: anaerobic. TSS ref: 26. Duration: 30 min. Source: cycling_workouts cw25.','["cycling","sub_goal:sprint","workout_type:anaerobic","cw_ref:cw25"]',1,1746230400000,1746230400000);
INSERT OR IGNORE INTO workout_protocols (id,slug,name,sport,goal,protocol_type,description,tags_json,is_active,created_at_ms,updated_at_ms) VALUES ('wp-cw26','cw-sprint-pyramid','Sprint Pyramid · 46 min','cycling','power','interval','Sub-goal: sprint. Type: anaerobic. TSS ref: 31. Duration: 46 min. Source: cycling_workouts cw26.','["cycling","sub_goal:sprint","workout_type:anaerobic","cw_ref:cw26"]',1,1746230400000,1746230400000);
INSERT OR IGNORE INTO workout_protocols (id,slug,name,sport,goal,protocol_type,description,tags_json,is_active,created_at_ms,updated_at_ms) VALUES ('wp-cw27','cw-40-20-climbing','40-20 s VO2max · climbing','cycling','power','interval','Sub-goal: climbing. Type: vo2max. TSS ref: 29. Duration: 30 min. Source: cycling_workouts cw27.','["cycling","sub_goal:climbing","workout_type:vo2max","cw_ref:cw27"]',1,1746230400000,1746230400000);
INSERT OR IGNORE INTO workout_protocols (id,slug,name,sport,goal,protocol_type,description,tags_json,is_active,created_at_ms,updated_at_ms) VALUES ('wp-cw28','cw-40-20-race','40-20 s VO2max · race','cycling','power','interval','Sub-goal: race_fitness. Type: vo2max. TSS ref: 29. Duration: 30 min. Source: cycling_workouts cw28.','["cycling","sub_goal:race_fitness","workout_type:vo2max","cw_ref:cw28"]',1,1746230400000,1746230400000);
INSERT OR IGNORE INTO workout_protocols (id,slug,name,sport,goal,protocol_type,description,tags_json,is_active,created_at_ms,updated_at_ms) VALUES ('wp-cw29','cw-flamme-rouge','Flamme Rouge · 46 min','cycling','power','interval','Sub-goal: race_fitness. Type: vo2max. TSS ref: 40. Duration: 46 min. Source: cycling_workouts cw29.','["cycling","sub_goal:race_fitness","workout_type:vo2max","cw_ref:cw29"]',1,1746230400000,1746230400000);

INSERT OR IGNORE INTO workout_protocol_steps (id,protocol_id,step_order,step_type,exercise_id,duration_sec,distance_m,reps,sets,rest_sec,intensity_json,notes_json,created_at_ms,updated_at_ms) VALUES ('wps-cw01-0','wp-cw01',0,'interval',NULL,2700,NULL,NULL,1,NULL,'{"power_pct_low":55,"power_pct_high":75}','{"label":"Zone 2"}',1746230400000,1746230400000);
INSERT OR IGNORE INTO workout_protocol_steps (id,protocol_id,step_order,step_type,exercise_id,duration_sec,distance_m,reps,sets,rest_sec,intensity_json,notes_json,created_at_ms,updated_at_ms) VALUES ('wps-cw02-0','wp-cw02',0,'warmup',NULL,600,NULL,NULL,1,NULL,'{"power_pct_low":50,"power_pct_high":65}','{"label":"Warm-up"}',1746230400000,1746230400000);
INSERT OR IGNORE INTO workout_protocol_steps (id,protocol_id,step_order,step_type,exercise_id,duration_sec,distance_m,reps,sets,rest_sec,intensity_json,notes_json,created_at_ms,updated_at_ms) VALUES ('wps-cw02-1','wp-cw02',1,'interval',NULL,720,NULL,NULL,2,NULL,'{"power_pct_low":88,"power_pct_high":93}','{"label":"Sweet spot"}',1746230400000,1746230400000);
INSERT OR IGNORE INTO workout_protocol_steps (id,protocol_id,step_order,step_type,exercise_id,duration_sec,distance_m,reps,sets,rest_sec,intensity_json,notes_json,created_at_ms,updated_at_ms) VALUES ('wps-cw02-2','wp-cw02',2,'rest',NULL,300,NULL,NULL,2,NULL,'{"power_pct_low":45,"power_pct_high":55}','{"label":"Recovery"}',1746230400000,1746230400000);
INSERT OR IGNORE INTO workout_protocol_steps (id,protocol_id,step_order,step_type,exercise_id,duration_sec,distance_m,reps,sets,rest_sec,intensity_json,notes_json,created_at_ms,updated_at_ms) VALUES ('wps-cw02-3','wp-cw02',3,'cooldown',NULL,300,NULL,NULL,1,NULL,'{"power_pct_low":45,"power_pct_high":55}','{"label":"Cool-down"}',1746230400000,1746230400000);
INSERT OR IGNORE INTO workout_protocol_steps (id,protocol_id,step_order,step_type,exercise_id,duration_sec,distance_m,reps,sets,rest_sec,intensity_json,notes_json,created_at_ms,updated_at_ms) VALUES ('wps-cw03-0','wp-cw03',0,'warmup',NULL,480,NULL,NULL,1,NULL,'{"power_pct_low":55,"power_pct_high":65}','{"label":"Warm-up"}',1746230400000,1746230400000);
INSERT OR IGNORE INTO workout_protocol_steps (id,protocol_id,step_order,step_type,exercise_id,duration_sec,distance_m,reps,sets,rest_sec,intensity_json,notes_json,created_at_ms,updated_at_ms) VALUES ('wps-cw03-1','wp-cw03',1,'interval',NULL,1800,NULL,NULL,1,NULL,'{"power_pct_low":76,"power_pct_high":90}','{"label":"Tempo"}',1746230400000,1746230400000);
INSERT OR IGNORE INTO workout_protocol_steps (id,protocol_id,step_order,step_type,exercise_id,duration_sec,distance_m,reps,sets,rest_sec,intensity_json,notes_json,created_at_ms,updated_at_ms) VALUES ('wps-cw03-2','wp-cw03',2,'cooldown',NULL,420,NULL,NULL,1,NULL,'{"power_pct_low":45,"power_pct_high":55}','{"label":"Cool-down"}',1746230400000,1746230400000);
INSERT OR IGNORE INTO workout_protocol_steps (id,protocol_id,step_order,step_type,exercise_id,duration_sec,distance_m,reps,sets,rest_sec,intensity_json,notes_json,created_at_ms,updated_at_ms) VALUES ('wps-cw04-0','wp-cw04',0,'warmup',NULL,300,NULL,NULL,1,NULL,'{"power_pct_low":55,"power_pct_high":65}','{"label":"Warm-up"}',1746230400000,1746230400000);
INSERT OR IGNORE INTO workout_protocol_steps (id,protocol_id,step_order,step_type,exercise_id,duration_sec,distance_m,reps,sets,rest_sec,intensity_json,notes_json,created_at_ms,updated_at_ms) VALUES ('wps-cw04-1','wp-cw04',1,'interval',NULL,300,NULL,NULL,5,NULL,'{"power_pct_low":60,"power_pct_high":75}','{"label":"Cadence block"}',1746230400000,1746230400000);
INSERT OR IGNORE INTO workout_protocol_steps (id,protocol_id,step_order,step_type,exercise_id,duration_sec,distance_m,reps,sets,rest_sec,intensity_json,notes_json,created_at_ms,updated_at_ms) VALUES ('wps-cw04-2','wp-cw04',2,'rest',NULL,120,NULL,NULL,5,NULL,'{"power_pct_low":50,"power_pct_high":60}','{"label":"Recovery"}',1746230400000,1746230400000);
INSERT OR IGNORE INTO workout_protocol_steps (id,protocol_id,step_order,step_type,exercise_id,duration_sec,distance_m,reps,sets,rest_sec,intensity_json,notes_json,created_at_ms,updated_at_ms) VALUES ('wps-cw04-3','wp-cw04',3,'cooldown',NULL,300,NULL,NULL,1,NULL,'{"power_pct_low":45,"power_pct_high":55}','{"label":"Cool-down"}',1746230400000,1746230400000);
INSERT OR IGNORE INTO workout_protocol_steps (id,protocol_id,step_order,step_type,exercise_id,duration_sec,distance_m,reps,sets,rest_sec,intensity_json,notes_json,created_at_ms,updated_at_ms) VALUES ('wps-cw05-0','wp-cw05',0,'warmup',NULL,600,NULL,NULL,1,NULL,'{"power_pct_low":55,"power_pct_high":65}','{"label":"Warm-up"}',1746230400000,1746230400000);
INSERT OR IGNORE INTO workout_protocol_steps (id,protocol_id,step_order,step_type,exercise_id,duration_sec,distance_m,reps,sets,rest_sec,intensity_json,notes_json,created_at_ms,updated_at_ms) VALUES ('wps-cw05-1','wp-cw05',1,'interval',NULL,600,NULL,NULL,2,NULL,'{"power_pct_low":95,"power_pct_high":100}','{"label":"Threshold"}',1746230400000,1746230400000);
INSERT OR IGNORE INTO workout_protocol_steps (id,protocol_id,step_order,step_type,exercise_id,duration_sec,distance_m,reps,sets,rest_sec,intensity_json,notes_json,created_at_ms,updated_at_ms) VALUES ('wps-cw05-2','wp-cw05',2,'rest',NULL,300,NULL,NULL,2,NULL,'{"power_pct_low":45,"power_pct_high":55}','{"label":"Recovery"}',1746230400000,1746230400000);
INSERT OR IGNORE INTO workout_protocol_steps (id,protocol_id,step_order,step_type,exercise_id,duration_sec,distance_m,reps,sets,rest_sec,intensity_json,notes_json,created_at_ms,updated_at_ms) VALUES ('wps-cw05-3','wp-cw05',3,'cooldown',NULL,600,NULL,NULL,1,NULL,'{"power_pct_low":45,"power_pct_high":55}','{"label":"Cool-down"}',1746230400000,1746230400000);
INSERT OR IGNORE INTO workout_protocol_steps (id,protocol_id,step_order,step_type,exercise_id,duration_sec,distance_m,reps,sets,rest_sec,intensity_json,notes_json,created_at_ms,updated_at_ms) VALUES ('wps-cw06-0','wp-cw06',0,'warmup',NULL,600,NULL,NULL,1,NULL,'{"power_pct_low":55,"power_pct_high":65}','{"label":"Warm-up"}',1746230400000,1746230400000);
INSERT OR IGNORE INTO workout_protocol_steps (id,protocol_id,step_order,step_type,exercise_id,duration_sec,distance_m,reps,sets,rest_sec,intensity_json,notes_json,created_at_ms,updated_at_ms) VALUES ('wps-cw06-1','wp-cw06',1,'interval',NULL,240,NULL,NULL,4,NULL,'{"power_pct_low":106,"power_pct_high":120}','{"label":"VO2max","min_sets":2,"max_sets":6}',1746230400000,1746230400000);
INSERT OR IGNORE INTO workout_protocol_steps (id,protocol_id,step_order,step_type,exercise_id,duration_sec,distance_m,reps,sets,rest_sec,intensity_json,notes_json,created_at_ms,updated_at_ms) VALUES ('wps-cw06-2','wp-cw06',2,'rest',NULL,240,NULL,NULL,4,NULL,'{"power_pct_low":45,"power_pct_high":55}','{"label":"Recovery","min_sets":2,"max_sets":6}',1746230400000,1746230400000);
INSERT OR IGNORE INTO workout_protocol_steps (id,protocol_id,step_order,step_type,exercise_id,duration_sec,distance_m,reps,sets,rest_sec,intensity_json,notes_json,created_at_ms,updated_at_ms) VALUES ('wps-cw06-3','wp-cw06',3,'cooldown',NULL,480,NULL,NULL,1,NULL,'{"power_pct_low":45,"power_pct_high":55}','{"label":"Cool-down"}',1746230400000,1746230400000);
INSERT OR IGNORE INTO workout_protocol_steps (id,protocol_id,step_order,step_type,exercise_id,duration_sec,distance_m,reps,sets,rest_sec,intensity_json,notes_json,created_at_ms,updated_at_ms) VALUES ('wps-cw07-0','wp-cw07',0,'warmup',NULL,600,NULL,NULL,1,NULL,'{"power_pct_low":55,"power_pct_high":65}','{"label":"Warm-up"}',1746230400000,1746230400000);
INSERT OR IGNORE INTO workout_protocol_steps (id,protocol_id,step_order,step_type,exercise_id,duration_sec,distance_m,reps,sets,rest_sec,intensity_json,notes_json,created_at_ms,updated_at_ms) VALUES ('wps-cw07-1','wp-cw07',1,'interval',NULL,540,NULL,NULL,3,NULL,'{"power_pct_low":88,"power_pct_high":108}','{"label":"Over-under set"}',1746230400000,1746230400000);
INSERT OR IGNORE INTO workout_protocol_steps (id,protocol_id,step_order,step_type,exercise_id,duration_sec,distance_m,reps,sets,rest_sec,intensity_json,notes_json,created_at_ms,updated_at_ms) VALUES ('wps-cw07-2','wp-cw07',2,'rest',NULL,360,NULL,NULL,3,NULL,'{"power_pct_low":45,"power_pct_high":55}','{"label":"Recovery"}',1746230400000,1746230400000);
INSERT OR IGNORE INTO workout_protocol_steps (id,protocol_id,step_order,step_type,exercise_id,duration_sec,distance_m,reps,sets,rest_sec,intensity_json,notes_json,created_at_ms,updated_at_ms) VALUES ('wps-cw07-3','wp-cw07',3,'cooldown',NULL,420,NULL,NULL,1,NULL,'{"power_pct_low":45,"power_pct_high":55}','{"label":"Cool-down"}',1746230400000,1746230400000);
INSERT OR IGNORE INTO workout_protocol_steps (id,protocol_id,step_order,step_type,exercise_id,duration_sec,distance_m,reps,sets,rest_sec,intensity_json,notes_json,created_at_ms,updated_at_ms) VALUES ('wps-cw08-0','wp-cw08',0,'warmup',NULL,600,NULL,NULL,1,NULL,'{"power_pct_low":55,"power_pct_high":65}','{"label":"Warm-up"}',1746230400000,1746230400000);
INSERT OR IGNORE INTO workout_protocol_steps (id,protocol_id,step_order,step_type,exercise_id,duration_sec,distance_m,reps,sets,rest_sec,intensity_json,notes_json,created_at_ms,updated_at_ms) VALUES ('wps-cw08-1','wp-cw08',1,'interval',NULL,1800,NULL,NULL,1,NULL,'{"power_pct_low":95,"power_pct_high":100}','{"label":"Threshold"}',1746230400000,1746230400000);
INSERT OR IGNORE INTO workout_protocol_steps (id,protocol_id,step_order,step_type,exercise_id,duration_sec,distance_m,reps,sets,rest_sec,intensity_json,notes_json,created_at_ms,updated_at_ms) VALUES ('wps-cw08-2','wp-cw08',2,'cooldown',NULL,600,NULL,NULL,1,NULL,'{"power_pct_low":45,"power_pct_high":55}','{"label":"Cool-down"}',1746230400000,1746230400000);
INSERT OR IGNORE INTO workout_protocol_steps (id,protocol_id,step_order,step_type,exercise_id,duration_sec,distance_m,reps,sets,rest_sec,intensity_json,notes_json,created_at_ms,updated_at_ms) VALUES ('wps-cw09-0','wp-cw09',0,'warmup',NULL,600,NULL,NULL,1,NULL,'{"power_pct_low":55,"power_pct_high":65}','{"label":"Warm-up"}',1746230400000,1746230400000);
INSERT OR IGNORE INTO workout_protocol_steps (id,protocol_id,step_order,step_type,exercise_id,duration_sec,distance_m,reps,sets,rest_sec,intensity_json,notes_json,created_at_ms,updated_at_ms) VALUES ('wps-cw09-1','wp-cw09',1,'interval',NULL,30,NULL,NULL,3,NULL,'{"power_pct_low":150,"power_pct_high":200}','{"label":"Sprint"}',1746230400000,1746230400000);
INSERT OR IGNORE INTO workout_protocol_steps (id,protocol_id,step_order,step_type,exercise_id,duration_sec,distance_m,reps,sets,rest_sec,intensity_json,notes_json,created_at_ms,updated_at_ms) VALUES ('wps-cw09-2','wp-cw09',2,'interval',NULL,180,NULL,NULL,3,NULL,'{"power_pct_low":108,"power_pct_high":120}','{"label":"VO2 effort"}',1746230400000,1746230400000);
INSERT OR IGNORE INTO workout_protocol_steps (id,protocol_id,step_order,step_type,exercise_id,duration_sec,distance_m,reps,sets,rest_sec,intensity_json,notes_json,created_at_ms,updated_at_ms) VALUES ('wps-cw09-3','wp-cw09',3,'rest',NULL,300,NULL,NULL,3,NULL,'{"power_pct_low":45,"power_pct_high":55}','{"label":"Recovery"}',1746230400000,1746230400000);
INSERT OR IGNORE INTO workout_protocol_steps (id,protocol_id,step_order,step_type,exercise_id,duration_sec,distance_m,reps,sets,rest_sec,intensity_json,notes_json,created_at_ms,updated_at_ms) VALUES ('wps-cw09-4','wp-cw09',4,'cooldown',NULL,300,NULL,NULL,1,NULL,'{"power_pct_low":45,"power_pct_high":55}','{"label":"Cool-down"}',1746230400000,1746230400000);
INSERT OR IGNORE INTO workout_protocol_steps (id,protocol_id,step_order,step_type,exercise_id,duration_sec,distance_m,reps,sets,rest_sec,intensity_json,notes_json,created_at_ms,updated_at_ms) VALUES ('wps-cw10-0','wp-cw10',0,'warmup',NULL,600,NULL,NULL,1,NULL,'{"power_pct_low":55,"power_pct_high":65}','{"label":"Warm-up"}',1746230400000,1746230400000);
INSERT OR IGNORE INTO workout_protocol_steps (id,protocol_id,step_order,step_type,exercise_id,duration_sec,distance_m,reps,sets,rest_sec,intensity_json,notes_json,created_at_ms,updated_at_ms) VALUES ('wps-cw10-1','wp-cw10',1,'interval',NULL,30,NULL,NULL,6,NULL,'{"power_pct_low":130,"power_pct_high":160}','{"label":"Anaerobic","min_sets":3,"max_sets":8}',1746230400000,1746230400000);
INSERT OR IGNORE INTO workout_protocol_steps (id,protocol_id,step_order,step_type,exercise_id,duration_sec,distance_m,reps,sets,rest_sec,intensity_json,notes_json,created_at_ms,updated_at_ms) VALUES ('wps-cw10-2','wp-cw10',2,'rest',NULL,240,NULL,NULL,6,NULL,'{"power_pct_low":45,"power_pct_high":55}','{"label":"Recovery","min_sets":3,"max_sets":8}',1746230400000,1746230400000);
INSERT OR IGNORE INTO workout_protocol_steps (id,protocol_id,step_order,step_type,exercise_id,duration_sec,distance_m,reps,sets,rest_sec,intensity_json,notes_json,created_at_ms,updated_at_ms) VALUES ('wps-cw10-3','wp-cw10',3,'cooldown',NULL,300,NULL,NULL,1,NULL,'{"power_pct_low":45,"power_pct_high":55}','{"label":"Cool-down"}',1746230400000,1746230400000);
INSERT OR IGNORE INTO workout_protocol_steps (id,protocol_id,step_order,step_type,exercise_id,duration_sec,distance_m,reps,sets,rest_sec,intensity_json,notes_json,created_at_ms,updated_at_ms) VALUES ('wps-cw11-0','wp-cw11',0,'warmup',NULL,300,NULL,NULL,1,NULL,'{"power_pct_low":55,"power_pct_high":65}','{"label":"Warm-up"}',1746230400000,1746230400000);
INSERT OR IGNORE INTO workout_protocol_steps (id,protocol_id,step_order,step_type,exercise_id,duration_sec,distance_m,reps,sets,rest_sec,intensity_json,notes_json,created_at_ms,updated_at_ms) VALUES ('wps-cw11-1','wp-cw11',1,'interval',NULL,240,NULL,NULL,5,NULL,'{"power_pct_low":60,"power_pct_high":75}','{"label":"Cadence build"}',1746230400000,1746230400000);
INSERT OR IGNORE INTO workout_protocol_steps (id,protocol_id,step_order,step_type,exercise_id,duration_sec,distance_m,reps,sets,rest_sec,intensity_json,notes_json,created_at_ms,updated_at_ms) VALUES ('wps-cw11-2','wp-cw11',2,'rest',NULL,120,NULL,NULL,5,NULL,'{"power_pct_low":45,"power_pct_high":55}','{"label":"Recovery"}',1746230400000,1746230400000);
INSERT OR IGNORE INTO workout_protocol_steps (id,protocol_id,step_order,step_type,exercise_id,duration_sec,distance_m,reps,sets,rest_sec,intensity_json,notes_json,created_at_ms,updated_at_ms) VALUES ('wps-cw11-3','wp-cw11',3,'cooldown',NULL,300,NULL,NULL,1,NULL,'{"power_pct_low":45,"power_pct_high":55}','{"label":"Cool-down"}',1746230400000,1746230400000);
INSERT OR IGNORE INTO workout_protocol_steps (id,protocol_id,step_order,step_type,exercise_id,duration_sec,distance_m,reps,sets,rest_sec,intensity_json,notes_json,created_at_ms,updated_at_ms) VALUES ('wps-cw12-0','wp-cw12',0,'warmup',NULL,600,NULL,NULL,1,NULL,'{"power_pct_low":55,"power_pct_high":65}','{"label":"Warm-up"}',1746230400000,1746230400000);
INSERT OR IGNORE INTO workout_protocol_steps (id,protocol_id,step_order,step_type,exercise_id,duration_sec,distance_m,reps,sets,rest_sec,intensity_json,notes_json,created_at_ms,updated_at_ms) VALUES ('wps-cw12-1','wp-cw12',1,'interval',NULL,10,NULL,NULL,10,NULL,'{"power_pct_low":150,"power_pct_high":200}','{"label":"Sprint"}',1746230400000,1746230400000);
INSERT OR IGNORE INTO workout_protocol_steps (id,protocol_id,step_order,step_type,exercise_id,duration_sec,distance_m,reps,sets,rest_sec,intensity_json,notes_json,created_at_ms,updated_at_ms) VALUES ('wps-cw12-2','wp-cw12',2,'rest',NULL,120,NULL,NULL,10,NULL,'{"power_pct_low":45,"power_pct_high":55}','{"label":"Recovery"}',1746230400000,1746230400000);
INSERT OR IGNORE INTO workout_protocol_steps (id,protocol_id,step_order,step_type,exercise_id,duration_sec,distance_m,reps,sets,rest_sec,intensity_json,notes_json,created_at_ms,updated_at_ms) VALUES ('wps-cw12-3','wp-cw12',3,'cooldown',NULL,300,NULL,NULL,1,NULL,'{"power_pct_low":45,"power_pct_high":55}','{"label":"Cool-down"}',1746230400000,1746230400000);
INSERT OR IGNORE INTO workout_protocol_steps (id,protocol_id,step_order,step_type,exercise_id,duration_sec,distance_m,reps,sets,rest_sec,intensity_json,notes_json,created_at_ms,updated_at_ms) VALUES ('wps-cw13-0','wp-cw13',0,'interval',NULL,2700,NULL,NULL,1,NULL,'{"power_pct_low":55,"power_pct_high":75}','{"label":"Zone 2"}',1746230400000,1746230400000);
INSERT OR IGNORE INTO workout_protocol_steps (id,protocol_id,step_order,step_type,exercise_id,duration_sec,distance_m,reps,sets,rest_sec,intensity_json,notes_json,created_at_ms,updated_at_ms) VALUES ('wps-cw14-0','wp-cw14',0,'interval',NULL,3600,NULL,NULL,1,NULL,'{"power_pct_low":55,"power_pct_high":75}','{"label":"Zone 2"}',1746230400000,1746230400000);
INSERT OR IGNORE INTO workout_protocol_steps (id,protocol_id,step_order,step_type,exercise_id,duration_sec,distance_m,reps,sets,rest_sec,intensity_json,notes_json,created_at_ms,updated_at_ms) VALUES ('wps-cw15-0','wp-cw15',0,'interval',NULL,5400,NULL,NULL,1,NULL,'{"power_pct_low":55,"power_pct_high":75}','{"label":"Zone 2"}',1746230400000,1746230400000);
INSERT OR IGNORE INTO workout_protocol_steps (id,protocol_id,step_order,step_type,exercise_id,duration_sec,distance_m,reps,sets,rest_sec,intensity_json,notes_json,created_at_ms,updated_at_ms) VALUES ('wps-cw16-0','wp-cw16',0,'interval',NULL,1800,NULL,NULL,1,NULL,'{"power_pct_low":45,"power_pct_high":60}','{"label":"Recovery spin"}',1746230400000,1746230400000);
INSERT OR IGNORE INTO workout_protocol_steps (id,protocol_id,step_order,step_type,exercise_id,duration_sec,distance_m,reps,sets,rest_sec,intensity_json,notes_json,created_at_ms,updated_at_ms) VALUES ('wps-cw17-0','wp-cw17',0,'interval',NULL,3600,NULL,NULL,1,NULL,'{"power_pct_low":55,"power_pct_high":75}','{"label":"Zone 2"}',1746230400000,1746230400000);
INSERT OR IGNORE INTO workout_protocol_steps (id,protocol_id,step_order,step_type,exercise_id,duration_sec,distance_m,reps,sets,rest_sec,intensity_json,notes_json,created_at_ms,updated_at_ms) VALUES ('wps-cw18-0','wp-cw18',0,'warmup',NULL,600,NULL,NULL,1,NULL,'{"power_pct_low":55,"power_pct_high":65}','{"label":"Warm-up"}',1746230400000,1746230400000);
INSERT OR IGNORE INTO workout_protocol_steps (id,protocol_id,step_order,step_type,exercise_id,duration_sec,distance_m,reps,sets,rest_sec,intensity_json,notes_json,created_at_ms,updated_at_ms) VALUES ('wps-cw18-1','wp-cw18',1,'interval',NULL,300,NULL,NULL,5,NULL,'{"power_pct_low":106,"power_pct_high":120}','{"label":"VO2max","min_sets":3,"max_sets":7}',1746230400000,1746230400000);
INSERT OR IGNORE INTO workout_protocol_steps (id,protocol_id,step_order,step_type,exercise_id,duration_sec,distance_m,reps,sets,rest_sec,intensity_json,notes_json,created_at_ms,updated_at_ms) VALUES ('wps-cw18-2','wp-cw18',2,'rest',NULL,300,NULL,NULL,5,NULL,'{"power_pct_low":45,"power_pct_high":55}','{"label":"Recovery","min_sets":3,"max_sets":7}',1746230400000,1746230400000);
INSERT OR IGNORE INTO workout_protocol_steps (id,protocol_id,step_order,step_type,exercise_id,duration_sec,distance_m,reps,sets,rest_sec,intensity_json,notes_json,created_at_ms,updated_at_ms) VALUES ('wps-cw18-3','wp-cw18',3,'cooldown',NULL,600,NULL,NULL,1,NULL,'{"power_pct_low":45,"power_pct_high":55}','{"label":"Cool-down"}',1746230400000,1746230400000);
INSERT OR IGNORE INTO workout_protocol_steps (id,protocol_id,step_order,step_type,exercise_id,duration_sec,distance_m,reps,sets,rest_sec,intensity_json,notes_json,created_at_ms,updated_at_ms) VALUES ('wps-cw19-0','wp-cw19',0,'interval',NULL,3240,NULL,NULL,1,NULL,'{"power_pct_low":55,"power_pct_high":75}','{"label":"Zone 2"}',1746230400000,1746230400000);
INSERT OR IGNORE INTO workout_protocol_steps (id,protocol_id,step_order,step_type,exercise_id,duration_sec,distance_m,reps,sets,rest_sec,intensity_json,notes_json,created_at_ms,updated_at_ms) VALUES ('wps-cw19-1','wp-cw19',1,'interval',NULL,10,NULL,NULL,6,NULL,'{"power_pct_low":130,"power_pct_high":160}','{"label":"Sprint"}',1746230400000,1746230400000);
INSERT OR IGNORE INTO workout_protocol_steps (id,protocol_id,step_order,step_type,exercise_id,duration_sec,distance_m,reps,sets,rest_sec,intensity_json,notes_json,created_at_ms,updated_at_ms) VALUES ('wps-cw19-2','wp-cw19',2,'rest',NULL,60,NULL,NULL,6,NULL,'{"power_pct_low":50,"power_pct_high":60}','{"label":"Recovery"}',1746230400000,1746230400000);
INSERT OR IGNORE INTO workout_protocol_steps (id,protocol_id,step_order,step_type,exercise_id,duration_sec,distance_m,reps,sets,rest_sec,intensity_json,notes_json,created_at_ms,updated_at_ms) VALUES ('wps-cw20-0','wp-cw20',0,'warmup',NULL,600,NULL,NULL,1,NULL,'{"power_pct_low":55,"power_pct_high":65}','{"label":"Warm-up"}',1746230400000,1746230400000);
INSERT OR IGNORE INTO workout_protocol_steps (id,protocol_id,step_order,step_type,exercise_id,duration_sec,distance_m,reps,sets,rest_sec,intensity_json,notes_json,created_at_ms,updated_at_ms) VALUES ('wps-cw20-1','wp-cw20',1,'interval',NULL,2700,NULL,NULL,1,NULL,'{"power_pct_low":80,"power_pct_high":90}','{"label":"Race effort"}',1746230400000,1746230400000);
INSERT OR IGNORE INTO workout_protocol_steps (id,protocol_id,step_order,step_type,exercise_id,duration_sec,distance_m,reps,sets,rest_sec,intensity_json,notes_json,created_at_ms,updated_at_ms) VALUES ('wps-cw20-2','wp-cw20',2,'cooldown',NULL,300,NULL,NULL,1,NULL,'{"power_pct_low":45,"power_pct_high":55}','{"label":"Cool-down"}',1746230400000,1746230400000);
INSERT OR IGNORE INTO workout_protocol_steps (id,protocol_id,step_order,step_type,exercise_id,duration_sec,distance_m,reps,sets,rest_sec,intensity_json,notes_json,created_at_ms,updated_at_ms) VALUES ('wps-cw21-0','wp-cw21',0,'warmup',NULL,600,NULL,NULL,1,NULL,'{"power_pct_low":50,"power_pct_high":65}','{"label":"Warm-up"}',1746230400000,1746230400000);
INSERT OR IGNORE INTO workout_protocol_steps (id,protocol_id,step_order,step_type,exercise_id,duration_sec,distance_m,reps,sets,rest_sec,intensity_json,notes_json,created_at_ms,updated_at_ms) VALUES ('wps-cw21-1','wp-cw21',1,'interval',NULL,60,NULL,NULL,16,NULL,'{"power_pct_low":50,"power_pct_high":130}','{"label":"Ramp step"}',1746230400000,1746230400000);
INSERT OR IGNORE INTO workout_protocol_steps (id,protocol_id,step_order,step_type,exercise_id,duration_sec,distance_m,reps,sets,rest_sec,intensity_json,notes_json,created_at_ms,updated_at_ms) VALUES ('wps-cw21-2','wp-cw21',2,'cooldown',NULL,300,NULL,NULL,1,NULL,'{"power_pct_low":45,"power_pct_high":55}','{"label":"Cool-down"}',1746230400000,1746230400000);
INSERT OR IGNORE INTO workout_protocol_steps (id,protocol_id,step_order,step_type,exercise_id,duration_sec,distance_m,reps,sets,rest_sec,intensity_json,notes_json,created_at_ms,updated_at_ms) VALUES ('wps-cw22-0','wp-cw22',0,'warmup',NULL,600,NULL,NULL,1,NULL,'{"power_pct_low":55,"power_pct_high":70}','{"label":"Warm-up"}',1746230400000,1746230400000);
INSERT OR IGNORE INTO workout_protocol_steps (id,protocol_id,step_order,step_type,exercise_id,duration_sec,distance_m,reps,sets,rest_sec,intensity_json,notes_json,created_at_ms,updated_at_ms) VALUES ('wps-cw22-1','wp-cw22',1,'interval',NULL,300,NULL,NULL,1,NULL,'{"power_pct_low":100,"power_pct_high":110}','{"label":"Pacing effort"}',1746230400000,1746230400000);
INSERT OR IGNORE INTO workout_protocol_steps (id,protocol_id,step_order,step_type,exercise_id,duration_sec,distance_m,reps,sets,rest_sec,intensity_json,notes_json,created_at_ms,updated_at_ms) VALUES ('wps-cw22-2','wp-cw22',2,'interval',NULL,720,NULL,NULL,1,NULL,'{"power_pct_low":95,"power_pct_high":110}','{"label":"12-min all-out"}',1746230400000,1746230400000);
INSERT OR IGNORE INTO workout_protocol_steps (id,protocol_id,step_order,step_type,exercise_id,duration_sec,distance_m,reps,sets,rest_sec,intensity_json,notes_json,created_at_ms,updated_at_ms) VALUES ('wps-cw22-3','wp-cw22',3,'cooldown',NULL,300,NULL,NULL,1,NULL,'{"power_pct_low":45,"power_pct_high":55}','{"label":"Cool-down"}',1746230400000,1746230400000);
INSERT OR IGNORE INTO workout_protocol_steps (id,protocol_id,step_order,step_type,exercise_id,duration_sec,distance_m,reps,sets,rest_sec,intensity_json,notes_json,created_at_ms,updated_at_ms) VALUES ('wps-cw23-0','wp-cw23',0,'warmup',NULL,600,NULL,NULL,1,NULL,'{"power_pct_low":55,"power_pct_high":70}','{"label":"Warm-up"}',1746230400000,1746230400000);
INSERT OR IGNORE INTO workout_protocol_steps (id,protocol_id,step_order,step_type,exercise_id,duration_sec,distance_m,reps,sets,rest_sec,intensity_json,notes_json,created_at_ms,updated_at_ms) VALUES ('wps-cw23-1','wp-cw23',1,'interval',NULL,300,NULL,NULL,1,NULL,'{"power_pct_low":100,"power_pct_high":110}','{"label":"Pacing effort"}',1746230400000,1746230400000);
INSERT OR IGNORE INTO workout_protocol_steps (id,protocol_id,step_order,step_type,exercise_id,duration_sec,distance_m,reps,sets,rest_sec,intensity_json,notes_json,created_at_ms,updated_at_ms) VALUES ('wps-cw23-2','wp-cw23',2,'interval',NULL,1200,NULL,NULL,1,NULL,'{"power_pct_low":95,"power_pct_high":105}','{"label":"20-min all-out"}',1746230400000,1746230400000);
INSERT OR IGNORE INTO workout_protocol_steps (id,protocol_id,step_order,step_type,exercise_id,duration_sec,distance_m,reps,sets,rest_sec,intensity_json,notes_json,created_at_ms,updated_at_ms) VALUES ('wps-cw23-3','wp-cw23',3,'cooldown',NULL,300,NULL,NULL,1,NULL,'{"power_pct_low":45,"power_pct_high":55}','{"label":"Cool-down"}',1746230400000,1746230400000);
INSERT OR IGNORE INTO workout_protocol_steps (id,protocol_id,step_order,step_type,exercise_id,duration_sec,distance_m,reps,sets,rest_sec,intensity_json,notes_json,created_at_ms,updated_at_ms) VALUES ('wps-cw24-0','wp-cw24',0,'warmup',NULL,600,NULL,NULL,1,NULL,'{"power_pct_low":55,"power_pct_high":75}','{"label":"Warm-up"}',1746230400000,1746230400000);
INSERT OR IGNORE INTO workout_protocol_steps (id,protocol_id,step_order,step_type,exercise_id,duration_sec,distance_m,reps,sets,rest_sec,intensity_json,notes_json,created_at_ms,updated_at_ms) VALUES ('wps-cw24-1','wp-cw24',1,'interval',NULL,120,NULL,NULL,1,NULL,'{"power_pct_low":83,"power_pct_high":89}','{"label":"Zone 3 ramp"}',1746230400000,1746230400000);
INSERT OR IGNORE INTO workout_protocol_steps (id,protocol_id,step_order,step_type,exercise_id,duration_sec,distance_m,reps,sets,rest_sec,intensity_json,notes_json,created_at_ms,updated_at_ms) VALUES ('wps-cw24-2','wp-cw24',2,'interval',NULL,120,NULL,NULL,1,NULL,'{"power_pct_low":93,"power_pct_high":99}','{"label":"Zone 4 ramp"}',1746230400000,1746230400000);
INSERT OR IGNORE INTO workout_protocol_steps (id,protocol_id,step_order,step_type,exercise_id,duration_sec,distance_m,reps,sets,rest_sec,intensity_json,notes_json,created_at_ms,updated_at_ms) VALUES ('wps-cw24-3','wp-cw24',3,'interval',NULL,120,NULL,NULL,1,NULL,'{"power_pct_low":103,"power_pct_high":109}','{"label":"VO2max peak"}',1746230400000,1746230400000);
INSERT OR IGNORE INTO workout_protocol_steps (id,protocol_id,step_order,step_type,exercise_id,duration_sec,distance_m,reps,sets,rest_sec,intensity_json,notes_json,created_at_ms,updated_at_ms) VALUES ('wps-cw24-4','wp-cw24',4,'interval',NULL,120,NULL,NULL,1,NULL,'{"power_pct_low":93,"power_pct_high":99}','{"label":"Zone 4 descent"}',1746230400000,1746230400000);
INSERT OR IGNORE INTO workout_protocol_steps (id,protocol_id,step_order,step_type,exercise_id,duration_sec,distance_m,reps,sets,rest_sec,intensity_json,notes_json,created_at_ms,updated_at_ms) VALUES ('wps-cw24-5','wp-cw24',5,'interval',NULL,120,NULL,NULL,1,NULL,'{"power_pct_low":83,"power_pct_high":89}','{"label":"Zone 3 descent"}',1746230400000,1746230400000);
INSERT OR IGNORE INTO workout_protocol_steps (id,protocol_id,step_order,step_type,exercise_id,duration_sec,distance_m,reps,sets,rest_sec,intensity_json,notes_json,created_at_ms,updated_at_ms) VALUES ('wps-cw24-6','wp-cw24',6,'cooldown',NULL,600,NULL,NULL,1,NULL,'{"power_pct_low":45,"power_pct_high":55}','{"label":"Cool-down"}',1746230400000,1746230400000);
INSERT OR IGNORE INTO workout_protocol_steps (id,protocol_id,step_order,step_type,exercise_id,duration_sec,distance_m,reps,sets,rest_sec,intensity_json,notes_json,created_at_ms,updated_at_ms) VALUES ('wps-cw25-0','wp-cw25',0,'warmup',NULL,600,NULL,NULL,1,NULL,'{"power_pct_low":55,"power_pct_high":65}','{"label":"Warm-up"}',1746230400000,1746230400000);
INSERT OR IGNORE INTO workout_protocol_steps (id,protocol_id,step_order,step_type,exercise_id,duration_sec,distance_m,reps,sets,rest_sec,intensity_json,notes_json,created_at_ms,updated_at_ms) VALUES ('wps-cw25-1','wp-cw25',1,'interval',NULL,10,NULL,NULL,4,NULL,'{"power_pct_low":160,"power_pct_high":200}','{"label":"Sprint"}',1746230400000,1746230400000);
INSERT OR IGNORE INTO workout_protocol_steps (id,protocol_id,step_order,step_type,exercise_id,duration_sec,distance_m,reps,sets,rest_sec,intensity_json,notes_json,created_at_ms,updated_at_ms) VALUES ('wps-cw25-2','wp-cw25',2,'interval',NULL,100,NULL,NULL,2,NULL,'{"power_pct_low":120,"power_pct_high":140}','{"label":"VO2 bridge"}',1746230400000,1746230400000);
INSERT OR IGNORE INTO workout_protocol_steps (id,protocol_id,step_order,step_type,exercise_id,duration_sec,distance_m,reps,sets,rest_sec,intensity_json,notes_json,created_at_ms,updated_at_ms) VALUES ('wps-cw25-3','wp-cw25',3,'rest',NULL,360,NULL,NULL,1,NULL,'{"power_pct_low":45,"power_pct_high":55}','{"label":"Block recovery"}',1746230400000,1746230400000);
INSERT OR IGNORE INTO workout_protocol_steps (id,protocol_id,step_order,step_type,exercise_id,duration_sec,distance_m,reps,sets,rest_sec,intensity_json,notes_json,created_at_ms,updated_at_ms) VALUES ('wps-cw25-4','wp-cw25',4,'cooldown',NULL,600,NULL,NULL,1,NULL,'{"power_pct_low":45,"power_pct_high":55}','{"label":"Cool-down"}',1746230400000,1746230400000);
INSERT OR IGNORE INTO workout_protocol_steps (id,protocol_id,step_order,step_type,exercise_id,duration_sec,distance_m,reps,sets,rest_sec,intensity_json,notes_json,created_at_ms,updated_at_ms) VALUES ('wps-cw26-0','wp-cw26',0,'warmup',NULL,900,NULL,NULL,1,NULL,'{"power_pct_low":55,"power_pct_high":65}','{"label":"Warm-up"}',1746230400000,1746230400000);
INSERT OR IGNORE INTO workout_protocol_steps (id,protocol_id,step_order,step_type,exercise_id,duration_sec,distance_m,reps,sets,rest_sec,intensity_json,notes_json,created_at_ms,updated_at_ms) VALUES ('wps-cw26-1','wp-cw26',1,'interval',NULL,11,NULL,NULL,10,NULL,'{"power_pct_low":160,"power_pct_high":200}','{"label":"Sprint"}',1746230400000,1746230400000);
INSERT OR IGNORE INTO workout_protocol_steps (id,protocol_id,step_order,step_type,exercise_id,duration_sec,distance_m,reps,sets,rest_sec,intensity_json,notes_json,created_at_ms,updated_at_ms) VALUES ('wps-cw26-2','wp-cw26',2,'rest',NULL,55,NULL,NULL,10,NULL,'{"power_pct_low":45,"power_pct_high":55}','{"label":"Sprint recovery"}',1746230400000,1746230400000);
INSERT OR IGNORE INTO workout_protocol_steps (id,protocol_id,step_order,step_type,exercise_id,duration_sec,distance_m,reps,sets,rest_sec,intensity_json,notes_json,created_at_ms,updated_at_ms) VALUES ('wps-cw26-3','wp-cw26',3,'rest',NULL,300,NULL,NULL,1,NULL,'{"power_pct_low":45,"power_pct_high":55}','{"label":"Pyramid recovery"}',1746230400000,1746230400000);
INSERT OR IGNORE INTO workout_protocol_steps (id,protocol_id,step_order,step_type,exercise_id,duration_sec,distance_m,reps,sets,rest_sec,intensity_json,notes_json,created_at_ms,updated_at_ms) VALUES ('wps-cw26-4','wp-cw26',4,'cooldown',NULL,900,NULL,NULL,1,NULL,'{"power_pct_low":45,"power_pct_high":55}','{"label":"Cool-down"}',1746230400000,1746230400000);
INSERT OR IGNORE INTO workout_protocol_steps (id,protocol_id,step_order,step_type,exercise_id,duration_sec,distance_m,reps,sets,rest_sec,intensity_json,notes_json,created_at_ms,updated_at_ms) VALUES ('wps-cw27-0','wp-cw27',0,'warmup',NULL,600,NULL,NULL,1,NULL,'{"power_pct_low":55,"power_pct_high":65}','{"label":"Warm-up"}',1746230400000,1746230400000);
INSERT OR IGNORE INTO workout_protocol_steps (id,protocol_id,step_order,step_type,exercise_id,duration_sec,distance_m,reps,sets,rest_sec,intensity_json,notes_json,created_at_ms,updated_at_ms) VALUES ('wps-cw27-1','wp-cw27',1,'interval',NULL,40,NULL,NULL,10,NULL,'{"power_pct_low":120,"power_pct_high":130}','{"label":"VO2max interval","min_sets":5,"max_sets":15}',1746230400000,1746230400000);
INSERT OR IGNORE INTO workout_protocol_steps (id,protocol_id,step_order,step_type,exercise_id,duration_sec,distance_m,reps,sets,rest_sec,intensity_json,notes_json,created_at_ms,updated_at_ms) VALUES ('wps-cw27-2','wp-cw27',2,'rest',NULL,20,NULL,NULL,10,NULL,'{"power_pct_low":45,"power_pct_high":55}','{"label":"Recovery","min_sets":5,"max_sets":15}',1746230400000,1746230400000);
INSERT OR IGNORE INTO workout_protocol_steps (id,protocol_id,step_order,step_type,exercise_id,duration_sec,distance_m,reps,sets,rest_sec,intensity_json,notes_json,created_at_ms,updated_at_ms) VALUES ('wps-cw27-3','wp-cw27',3,'cooldown',NULL,600,NULL,NULL,1,NULL,'{"power_pct_low":45,"power_pct_high":55}','{"label":"Cool-down"}',1746230400000,1746230400000);
INSERT OR IGNORE INTO workout_protocol_steps (id,protocol_id,step_order,step_type,exercise_id,duration_sec,distance_m,reps,sets,rest_sec,intensity_json,notes_json,created_at_ms,updated_at_ms) VALUES ('wps-cw28-0','wp-cw28',0,'warmup',NULL,600,NULL,NULL,1,NULL,'{"power_pct_low":55,"power_pct_high":65}','{"label":"Warm-up"}',1746230400000,1746230400000);
INSERT OR IGNORE INTO workout_protocol_steps (id,protocol_id,step_order,step_type,exercise_id,duration_sec,distance_m,reps,sets,rest_sec,intensity_json,notes_json,created_at_ms,updated_at_ms) VALUES ('wps-cw28-1','wp-cw28',1,'interval',NULL,40,NULL,NULL,10,NULL,'{"power_pct_low":120,"power_pct_high":130}','{"label":"VO2max interval","min_sets":5,"max_sets":15}',1746230400000,1746230400000);
INSERT OR IGNORE INTO workout_protocol_steps (id,protocol_id,step_order,step_type,exercise_id,duration_sec,distance_m,reps,sets,rest_sec,intensity_json,notes_json,created_at_ms,updated_at_ms) VALUES ('wps-cw28-2','wp-cw28',2,'rest',NULL,20,NULL,NULL,10,NULL,'{"power_pct_low":45,"power_pct_high":55}','{"label":"Recovery","min_sets":5,"max_sets":15}',1746230400000,1746230400000);
INSERT OR IGNORE INTO workout_protocol_steps (id,protocol_id,step_order,step_type,exercise_id,duration_sec,distance_m,reps,sets,rest_sec,intensity_json,notes_json,created_at_ms,updated_at_ms) VALUES ('wps-cw28-3','wp-cw28',3,'cooldown',NULL,600,NULL,NULL,1,NULL,'{"power_pct_low":45,"power_pct_high":55}','{"label":"Cool-down"}',1746230400000,1746230400000);
INSERT OR IGNORE INTO workout_protocol_steps (id,protocol_id,step_order,step_type,exercise_id,duration_sec,distance_m,reps,sets,rest_sec,intensity_json,notes_json,created_at_ms,updated_at_ms) VALUES ('wps-cw29-0','wp-cw29',0,'warmup',NULL,900,NULL,NULL,1,NULL,'{"power_pct_low":55,"power_pct_high":65}','{"label":"Warm-up"}',1746230400000,1746230400000);
INSERT OR IGNORE INTO workout_protocol_steps (id,protocol_id,step_order,step_type,exercise_id,duration_sec,distance_m,reps,sets,rest_sec,intensity_json,notes_json,created_at_ms,updated_at_ms) VALUES ('wps-cw29-1','wp-cw29',1,'interval',NULL,30,NULL,NULL,12,NULL,'{"power_pct_low":90,"power_pct_high":100}','{"label":"Threshold","min_sets":6,"max_sets":18}',1746230400000,1746230400000);
INSERT OR IGNORE INTO workout_protocol_steps (id,protocol_id,step_order,step_type,exercise_id,duration_sec,distance_m,reps,sets,rest_sec,intensity_json,notes_json,created_at_ms,updated_at_ms) VALUES ('wps-cw29-2','wp-cw29',2,'interval',NULL,20,NULL,NULL,12,NULL,'{"power_pct_low":103,"power_pct_high":109}','{"label":"VO2max surge","min_sets":6,"max_sets":18}',1746230400000,1746230400000);
INSERT OR IGNORE INTO workout_protocol_steps (id,protocol_id,step_order,step_type,exercise_id,duration_sec,distance_m,reps,sets,rest_sec,intensity_json,notes_json,created_at_ms,updated_at_ms) VALUES ('wps-cw29-3','wp-cw29',3,'interval',NULL,10,NULL,NULL,12,NULL,'{"power_pct_low":130,"power_pct_high":150}','{"label":"Sprint","min_sets":6,"max_sets":18}',1746230400000,1746230400000);
INSERT OR IGNORE INTO workout_protocol_steps (id,protocol_id,step_order,step_type,exercise_id,duration_sec,distance_m,reps,sets,rest_sec,intensity_json,notes_json,created_at_ms,updated_at_ms) VALUES ('wps-cw29-4','wp-cw29',4,'rest',NULL,20,NULL,NULL,12,NULL,'{"power_pct_low":45,"power_pct_high":55}','{"label":"Recovery","min_sets":6,"max_sets":18}',1746230400000,1746230400000);
INSERT OR IGNORE INTO workout_protocol_steps (id,protocol_id,step_order,step_type,exercise_id,duration_sec,distance_m,reps,sets,rest_sec,intensity_json,notes_json,created_at_ms,updated_at_ms) VALUES ('wps-cw29-5','wp-cw29',5,'cooldown',NULL,900,NULL,NULL,1,NULL,'{"power_pct_low":45,"power_pct_high":55}','{"label":"Cool-down"}',1746230400000,1746230400000);
